"Path","Slice Name","Alias(s)","Label","Min","Max","Must Support?","Is Modifier?","Is Summary?","Type(s)","Short","Definition","Comments","Requirements","Default Value","Meaning When Missing","Fixed Value","Pattern","Example","Minimum Value","Maximum Value","Maximum Length","Binding Strength","Binding Description","Binding Value Set","Code","Slicing Discriminator","Slicing Description","Slicing Ordered","Slicing Rules","Base Path","Base Min","Base Max","Condition(s)","Constraint(s)","Mapping: Workflow Pattern","Mapping: FiveWs Pattern Mapping","Mapping: Object Implementation Information","Mapping: RIM Mapping"
"Measure","","","",0,*,"","","","","A quality measure definition","The Measure resource provides the definition of a quality measure.","","","","","","","","","",,,,,"",,,,"Measure",0,*,"","dom-2:If the resource is contained in another resource, it SHALL NOT contain nested Resources {contained.contained.empty()}
dom-3:If the resource is contained in another resource, it SHALL be referred to from elsewhere in the resource or SHALL refer to the containing resource {contained.where((('#'+id in (%resource.descendants().reference | %resource.descendants().as(canonical) | %resource.descendants().as(uri) | %resource.descendants().as(url))) or descendants().where(reference = '#').exists() or descendants().where(as(canonical) = '#').exists() or descendants().where(as(canonical) = '#').exists()).not()).trace('unmatched', id).empty()}dom-4:If a resource is contained in another resource, it SHALL NOT have a meta.versionId or a meta.lastUpdated {contained.meta.versionId.empty() and contained.meta.lastUpdated.empty()}dom-5:If a resource is contained in another resource, it SHALL NOT have a security label {contained.meta.security.empty()}dom-6:A resource should have narrative for robust management {text.`div`.exists()}mea-0:Name should be usable as an identifier for the module by machine processing applications such as code generation {name.matches('[A-Z]([A-Za-z0-9_]){0,254}')}mea-1:Stratifier SHALL be either a single criteria or a set of criteria components {group.stratifier.all((code | description | criteria).exists() xor component.exists())}","Definition","Entity. Role, or Act"
"Measure.id","","","",0,1,"","","Y","string {[]} {[]}
","Logical id of this artifact","The logical id of the resource, as used in the URL for the resource. Once assigned, this value never changes.","The only time that a resource does not have an id is when it is being submitted to the server using a create operation.","","","","","","","","",,,,,"",,,,"Resource.id",0,1,"",""
"Measure.meta","","","",0,1,"","","Y","Meta {[]} {[]}
","Metadata about the resource","The metadata about the resource. This is content that is maintained by the infrastructure. Changes to the content might not always be associated with version changes to the resource.","","","","","","","","","",,,,,"",,,,"Resource.meta",0,1,"","ele-1:All FHIR elements must have a @value or children {hasValue() or (children().count() > id.count())}
"
"Measure.implicitRules","","","",0,1,"","Y","Y","uri {[]} {[]}
","A set of rules under which this content was created","A reference to a set of rules that were followed when the resource was constructed, and which must be understood when processing the content. Often, this is a reference to an implementation guide that defines the special rules along with other profiles etc.","Asserting this rule set restricts the content to be only understood by a limited set of trading partners. This inherently limits the usefulness of the data in the long term. However, the existing health eco-system is highly fractured, and not yet ready to define, collect, and exchange data in a generally computable sense. Wherever possible, implementers and/or specification writers should avoid using this element. Often, when used, the URL is a reference to an implementation guide that defines these special rules as part of it's narrative along with other profiles, value sets, etc.","","","","","","","","",,,,,"",,,,"Resource.implicitRules",0,1,"","ele-1:All FHIR elements must have a @value or children {hasValue() or (children().count() > id.count())}
"
"Measure.language","","","",0,1,"","","","code {[]} {[]}
","Language of the resource content","The base language in which the resource is written.","Language is provided to support indexing and accessibility (typically, services such as text to speech use the language tag). The html language tag in the narrative applies  to the narrative. The language tag on the resource may be used to specify the language of other presentations generated from the data in the resource. Not all the content has to be in the base language. The Resource.language should not be assumed to apply to the narrative automatically. If a language is specified, it should it also be specified on the div element in the html (see rules in HTML5 for information about the relationship between xml:lang and the html lang attribute).","","","","","","","","",,"preferred","A human language.","http://hl7.org/fhir/ValueSet/languages","",,,,"Resource.language",0,1,"","ele-1:All FHIR elements must have a @value or children {hasValue() or (children().count() > id.count())}
"
"Measure.text","","narrative
htmlxhtmldisplay","",0,1,"","","","Narrative {[]} {[]}
","Text summary of the resource, for human interpretation","A human-readable narrative that contains a summary of the resource and can be used to represent the content of the resource to a human. The narrative need not encode all the structured data, but is required to contain sufficient detail to make it ""clinically safe"" for a human to just read the narrative. Resource definitions may define what content should be represented in the narrative to ensure clinical safety.","Contained resources do not have narrative. Resources that are not contained SHOULD have a narrative. In some cases, a resource may only have text with little or no additional discrete data (as long as all minOccurs=1 elements are satisfied).  This may be necessary for data from legacy systems where information is captured as a ""text blob"" or where text is additionally entered raw or narrated and encoded information is added later.","","","","","","","","",,,,,"",,,,"DomainResource.text",0,1,"","ele-1:All FHIR elements must have a @value or children {hasValue() or (children().count() > id.count())}
","Act.text?"
"Measure.contained","","inline resources
anonymous resourcescontained resources","",0,*,"","","","Resource {[]} {[]}
","Contained, inline Resources","These resources do not have an independent existence apart from the resource that contains them - they cannot be identified independently, and nor can they have their own independent transaction scope.","This should never be done when the content can be identified properly, as once identification is lost, it is extremely difficult (and context dependent) to restore it again. Contained resources may have profiles and tags In their meta elements, but SHALL NOT have security labels.","","","","","","","","",,,,,"",,,,"DomainResource.contained",0,*,"","","N/A"
"Measure.extension","","extensions
user content","",0,*,"","","","Extension {[]} {[]}
","Additional content defined by implementations","May be used to represent additional information that is not part of the basic definition of the resource. To make the use of extensions safe and manageable, there is a strict set of governance  applied to the definition and use of extensions. Though any implementer can define an extension, there is a set of requirements that SHALL be met as part of the definition of the extension.","There can be no stigma associated with the use of extensions by any application, project, or standard - regardless of the institution or jurisdiction that uses or defines the extensions.  The use of extensions is what allows the FHIR specification to retain a core level of simplicity for everyone.","","","","","","","","",,,,,"",,,,"DomainResource.extension",0,*,"","ele-1:All FHIR elements must have a @value or children {hasValue() or (children().count() > id.count())}
ext-1:Must have either extensions or value[x], not both {extension.exists() != value.exists()}","N/A"
"Measure.modifierExtension","","extensions
user content","",0,*,"","Y","","Extension {[]} {[]}
","Extensions that cannot be ignored","May be used to represent additional information that is not part of the basic definition of the resource and that modifies the understanding of the element that contains it and/or the understanding of the containing element's descendants. Usually modifier elements provide negation or qualification. To make the use of extensions safe and manageable, there is a strict set of governance applied to the definition and use of extensions. Though any implementer is allowed to define an extension, there is a set of requirements that SHALL be met as part of the definition of the extension. Applications processing a resource are required to check for modifier extensions.

Modifier extensions SHALL NOT change the meaning of any elements on Resource or DomainResource (including cannot change the meaning of modifierExtension itself).","There can be no stigma associated with the use of extensions by any application, project, or standard - regardless of the institution or jurisdiction that uses or defines the extensions.  The use of extensions is what allows the FHIR specification to retain a core level of simplicity for everyone.","Modifier extensions allow for extensions that *cannot* be safely ignored to be clearly distinguished from the vast majority of extensions which can be safely ignored.  This promotes interoperability by eliminating the need for implementers to prohibit the presence of extensions. For further information, see the [definition of modifier extensions](http://hl7.org/fhir/R4/extensibility.html#modifierExtension).","","","","","","","",,,,,"",,,,"DomainResource.modifierExtension",0,*,"","ele-1:All FHIR elements must have a @value or children {hasValue() or (children().count() > id.count())}
ext-1:Must have either extensions or value[x], not both {extension.exists() != value.exists()}","N/A"
"Measure.url","","","",1,1,"","","Y","uri {[]} {[]}
","Each measure must have a url.","An absolute URI that is used to identify this measure when it is referenced in a specification, model, design or an instance; also called its canonical identifier. This SHOULD be globally unique and SHOULD be a literal address at which at which an authoritative instance of this measure is (or will be) published. This URL can be the target of a canonical reference. It SHALL remain the same when the measure is stored on different servers.","The url for measures defined in The Situation Awareness for Novel Epidemic Response IG will follow IG URL naming conventions.","Allows the measure to be referenced by a single globally unique identifier.","","","","","","","",,,,,"",,,,"Measure.url",0,1,"","ele-1:All FHIR elements must have a @value or children {hasValue() or (children().count() > id.count())}
","Definition.url","FiveWs.identifier"
"Measure.identifier","","","",0,*,"","","Y","Identifier {[]} {[]}
","Additional identifier for the measure","A formal identifier that is used to identify this measure when it is represented in other formats, or referenced in a specification, model, design or an instance.","Typically, this is used for identifiers that can go in an HL7 V3 II (instance identifier) data type, and can then identify this measure outside of FHIR, where it is not possible to use the logical URI.","Allows externally provided and/or usable business identifiers to be easily associated with the module.","","","","","","","",,,,,"",,,,"Measure.identifier",0,*,"","ele-1:All FHIR elements must have a @value or children {hasValue() or (children().count() > id.count())}
","Definition.identifier","FiveWs.identifier","no-gen-base"
"Measure.version","","","",1,1,"","","Y","string {[]} {[]}
","Measure resources are versioned like IG's 0.1.0 = first development version, 0.2.0 - first published for review version, 1.0.0 first official version ...","The identifier that is used to identify this version of the measure when it is referenced in a specification, model, design or instance. This is an arbitrary value managed by the measure author and is not expected to be globally unique. For example, it might be a timestamp (e.g. yyyymmdd) if a managed version is not available. There is also no expectation that versions can be placed in a lexicographical sequence. To provide a version consistent with the Decision Support Service specification, use the format Major.Minor.Revision (e.g. 1.0.0). For more information on versioning knowledge assets, refer to the Decision Support Service specification. Note that a version is required for non-experimental active artifacts.","There may be different measure instances that have the same identifier but different versions.  The version can be appended to the url in a reference to allow a reference to a particular business version of the measure with the format [url]|[version].","","","","","","","","",,,,,"",,,,"Measure.version",0,1,"","ele-1:All FHIR elements must have a @value or children {hasValue() or (children().count() > id.count())}
","Definition.version","FiveWs.version"
"Measure.name","","","",1,1,"","","Y","string {[]} {[]}
","Each measure must have a name.","A natural language name identifying the measure. This name should be usable as an identifier for the module by machine processing applications such as code generation.","The name should be in PascalCase, and should represent the Author's title of the Measure.  Identify the Author to clarify","Support human navigation and code generation.","","","","","","","",,,,,"",,,,"Measure.name",0,1,"inv-0
","ele-1:All FHIR elements must have a @value or children {hasValue() or (children().count() > id.count())}
"
"Measure.title","","","",0,1,"","","Y","string {[]} {[]}
","Name for this measure (human friendly)","A short, descriptive, user-friendly title for the measure.","This name does not need to be machine-processing friendly and may contain punctuation, white-space, etc.","","","","","","","","",,,,,"",,,,"Measure.title",0,1,"","ele-1:All FHIR elements must have a @value or children {hasValue() or (children().count() > id.count())}
","Definition.title"
"Measure.subtitle","","","",0,1,"","","","string {[]} {[]}
","Subordinate title of the measure","An explanatory or alternate title for the measure giving additional information about its content.","","","","","","","","","",,,,,"",,,,"Measure.subtitle",0,1,"","ele-1:All FHIR elements must have a @value or children {hasValue() or (children().count() > id.count())}
"
"Measure.status","","","",1,1,"","Y","Y","code {[]} {[]}
","draft | active | retired","The status of this measure. Enables tracking the life-cycle of the content.","draft - The Measure is still in development or ballot. active - The Measure is ready for piloting or normal use.  retired - Measure has been deprecated or replaced.","","","","","","","","",,"required","","http://hl7.org/fhir/us/saner/ValueSet/MeasureStatus","",,,,"Measure.status",1,1,"","ele-1:All FHIR elements must have a @value or children {hasValue() or (children().count() > id.count())}
","Definition.status","FiveWs.status"
"Measure.experimental","","","",1,1,"","","Y","boolean {[]} {[]}
","A measure must indicate its experimental status","A Boolean value to indicate that this measure is authored for testing purposes (or education/evaluation/marketing) and is not intended to be used for genuine usage.","true - development, testing or pilots, false - production use","Enables experimental content to be developed following the same lifecycle that would be used for a production-level measure.","","","","","","","",,,,,"",,,,"Measure.experimental",0,1,"","ele-1:All FHIR elements must have a @value or children {hasValue() or (children().count() > id.count())}
","Definition.experimental","FiveWs.class"
"Measure.subject[x]","","","",0,1,"","","","CodeableConcept {[]} {[]}
Reference {[]} {[CanonicalType[http://hl7.org/fhir/StructureDefinition/Group]]}","E.g. Patient, Practitioner, RelatedPerson, Organization, Location, Device","The intended subjects for the measure. If this element is not provided, a Patient subject is assumed, but the subject of the measure can be anything.","The subject of the measure is critical in interpreting the criteria definitions, as the logic in the measures is evaluated with respect to a particular subject. This corresponds roughly to the notion of a Compartment in that it limits what content is available based on its relationship to the subject. In CQL, this corresponds to the context declaration.","","","Patient","","","","","",,"extensible","The possible types of subjects for a measure (E.g. Patient, Practitioner, Organization, Location, etc.).","http://hl7.org/fhir/ValueSet/subject-type","",,,,"Measure.subject[x]",0,1,"","ele-1:All FHIR elements must have a @value or children {hasValue() or (children().count() > id.count())}
"
"Measure.date","","Revision Date
","",0,1,"","","Y","dateTime {[]} {[]}
","Date last changed","The date  (and optionally time) when the measure was published. The date must change when the business version changes and it must change if the status code changes. In addition, it should change when the substantive content of the measure changes.","Note that this is not the same as the resource last-modified-date, since the resource may be a secondary representation of the measure. Additional specific dates may be added as extensions or be found by consulting Provenances associated with past versions of the resource.","","","","","","","","",,,,,"",,,,"Measure.date",0,1,"","ele-1:All FHIR elements must have a @value or children {hasValue() or (children().count() > id.count())}
","Definition.date","FiveWs.recorded"
"Measure.publisher","","","",1,1,"","","Y","string {[]} {[]}
","The name of the organization publishing this Measure resource","The name of the organization or individual that published the measure.","Usually an organization but may be an individual. The publisher (or steward) of the measure is the organization or individual primarily responsible for the maintenance and upkeep of the measure. This is not necessarily the same individual or organization that developed and initially authored the content. The publisher is the primary point of contact for questions or issues with the measure. This item SHOULD be populated unless the information is available from context.","Helps establish the ""authority/credibility"" of the measure.  May also allow for contact.","","","","","","","",,,,,"",,,,"Measure.publisher",0,1,"","ele-1:All FHIR elements must have a @value or children {hasValue() or (children().count() > id.count())}
","Definition.publisher","FiveWs.witness"
"Measure.contact","","","",1,*,"","","Y","ContactDetail {[]} {[]}
","The contact information for whom to contact about this Measure resource","Contact details to assist a user in finding and communicating with the publisher.","At least one contact shall be an email","","","","","","","","",,,,,"",,,,"Measure.contact",0,*,"","ele-1:All FHIR elements must have a @value or children {hasValue() or (children().count() > id.count())}
","Definition.contact"
"Measure.description","","","",0,1,"","","Y","markdown {[]} {[]}
","Natural language description of the measure","A free text natural language description of the measure from a consumer's perspective.","This description can be used to capture details such as why the measure was built, comments about misuse, instructions for clinical use and interpretation, literature references, examples from the paper world, etc. It is not a rendering of the measure as conveyed in the 'text' field of the resource itself. This item SHOULD be populated unless the information is available from context (e.g. the language of the measure is presumed to be the predominant language in the place the measure was created).","","","","","","","","",,,,,"",,,,"Measure.description",0,1,"","ele-1:All FHIR elements must have a @value or children {hasValue() or (children().count() > id.count())}
","Definition.description"
"Measure.useContext","","","",1,*,"","","Y","UsageContext {[]} {[]}
","The ISO 3166 code for use context","The content was developed with a focus and intent of supporting the contexts that are listed. These contexts may be general categories (gender, age, ...) or may be references to specific programs (insurance plans, studies, ...) and may be used to assist with indexing and searching for appropriate measure instances.","When multiple useContexts are specified, there is no expectation that all or any of the contexts apply.","Assist in searching for appropriate content.","","","","","","","",,,,,"",,,,"Measure.useContext",0,*,"","ele-1:All FHIR elements must have a @value or children {hasValue() or (children().count() > id.count())}
","Definition.useContext"
"Measure.jurisdiction","","","",0,*,"","","Y","CodeableConcept {[]} {[]}
","Intended jurisdiction for measure (if applicable)","A legal or geographic region in which the measure is intended to be used.","It may be possible for the measure to be used in jurisdictions other than those for which it was originally designed or intended.","","","","","","","","",,"extensible","Countries and regions within which this artifact is targeted for use.","http://hl7.org/fhir/ValueSet/jurisdiction","",,,,"Measure.jurisdiction",0,*,"","ele-1:All FHIR elements must have a @value or children {hasValue() or (children().count() > id.count())}
","Definition.jurisdiction"
"Measure.purpose","","","",0,1,"","","","markdown {[]} {[]}
","Why this measure is defined","Explanation of why this measure is needed and why it has been designed as it has.","This element does not describe the usage of the measure. Instead, it provides traceability of ''why'' the resource is either needed or ''why'' it is defined as it is.  This may be used to point to source materials or specifications that drove the structure of this measure.","","","","","","","","",,,,,"",,,,"Measure.purpose",0,1,"","ele-1:All FHIR elements must have a @value or children {hasValue() or (children().count() > id.count())}
","Definition.purpose","FiveWs.why[x]","no-gen-base"
"Measure.usage","","","",0,1,"","","","string {[]} {[]}
","Describes the clinical usage of the measure","A detailed description, from a clinical perspective, of how the measure is used.","","","","","","","","","",,,,,"",,,,"Measure.usage",0,1,"","ele-1:All FHIR elements must have a @value or children {hasValue() or (children().count() > id.count())}
"
"Measure.copyright","","License
Restrictions","",0,1,"","","","markdown {[]} {[]}
","Use and/or publishing restrictions","A copyright statement relating to the measure and/or its contents. Copyright statements are generally legal restrictions on the use and publishing of the measure.","","Consumers must be able to determine any legal restrictions on the use of the measure and/or its content.","","","","","","","",,,,,"",,,,"Measure.copyright",0,1,"","ele-1:All FHIR elements must have a @value or children {hasValue() or (children().count() > id.count())}
","Definition.copyright","no-gen-base"
"Measure.approvalDate","","","",0,1,"","","","date {[]} {[]}
","When the measure was approved by publisher","The date on which the resource content was approved by the publisher. Approval happens once when the content is officially approved for usage.","The 'date' element may be more recent than the approval date because of minor changes or editorial corrections.","","","","","","","","",,,,,"",,,,"Measure.approvalDate",0,1,"","ele-1:All FHIR elements must have a @value or children {hasValue() or (children().count() > id.count())}
","Definition.approvalDate","no-gen-base"
"Measure.lastReviewDate","","","",0,1,"","","","date {[]} {[]}
","When the measure was last reviewed","The date on which the resource content was last reviewed. Review happens periodically after approval but does not change the original approval date.","If specified, this date follows the original approval date.","Gives a sense of how ""current"" the content is.  Resources that have not been reviewed in a long time may have a risk of being less appropriate/relevant.","","","","","","","",,,,,"",,,,"Measure.lastReviewDate",0,1,"","ele-1:All FHIR elements must have a @value or children {hasValue() or (children().count() > id.count())}
","Definition.lastReviewDate","no-gen-base"
"Measure.effectivePeriod","","","",0,1,"","","Y","Period {[]} {[]}
","When the measure is expected to be used","The period during which the measure content was or is planned to be in active use.","The effective period for a measure  determines when the content is applicable for usage and is independent of publication and review dates. For example, a measure intended to be used for the year 2016 might be published in 2015.","Allows establishing a transition before a resource comes into effect and also allows for a sunsetting  process when new versions of the measure are or are expected to be used instead.","","","","","","","",,,,,"",,,,"Measure.effectivePeriod",0,1,"","ele-1:All FHIR elements must have a @value or children {hasValue() or (children().count() > id.count())}
","Definition.effectivePeriod","no-gen-base"
"Measure.topic","","","",0,*,"","","","CodeableConcept {[]} {[]}
","The category of the measure, such as Education, Treatment, Assessment, etc.","Descriptive topics related to the content of the measure. Topics provide a high-level categorization grouping types of measures that can be useful for filtering and searching.","","Repositories must be able to determine how to categorize the measure so that it can be found by topical searches.","","","","","","","",,"example","High-level categorization of the definition, used for searching, sorting, and filtering.","http://hl7.org/fhir/ValueSet/definition-topic","",,,,"Measure.topic",0,*,"","ele-1:All FHIR elements must have a @value or children {hasValue() or (children().count() > id.count())}
"
"Measure.author","","","",1,1,"","","","ContactDetail {[]} {[]}
","The original author of the measure content, may be same as publisher, when otherwise, must include a relatedArtifact for the original author's publication","An individiual or organization primarily involved in the creation and maintenance of the content.","","","","","","","","","",,,,,"",,,,"Measure.author",0,*,"","ele-1:All FHIR elements must have a @value or children {hasValue() or (children().count() > id.count())}
",".participation[typeCode=AUT]"
"Measure.author.id","","","",0,1,"","","","string {[]} {[]}
","Unique id for inter-element referencing","Unique id for the element within a resource (for internal references). This may be any string value that does not contain spaces.","","","","","","","","","",,,,,"",,,,"Element.id",0,1,"","","n/a"
"Measure.author.extension","","extensions
user content","",0,*,"","","","Extension {[]} {[]}
","Additional content defined by implementations","May be used to represent additional information that is not part of the basic definition of the element. To make the use of extensions safe and manageable, there is a strict set of governance  applied to the definition and use of extensions. Though any implementer can define an extension, there is a set of requirements that SHALL be met as part of the definition of the extension.","There can be no stigma associated with the use of extensions by any application, project, or standard - regardless of the institution or jurisdiction that uses or defines the extensions.  The use of extensions is what allows the FHIR specification to retain a core level of simplicity for everyone.","","","","","","","","",,,,,"","value:url}
","Extensions are always sliced by (at least) url",,"open","Element.extension",0,*,"","ele-1:All FHIR elements must have a @value or children {hasValue() or (children().count() > id.count())}
ext-1:Must have either extensions or value[x], not both {extension.exists() != value.exists()}","n/a"
"Measure.author.name","","","",1,1,"","","Y","string {[]} {[]}
","The author must be identified by name. Can be the name of an individual or an organization.","The name of an individual to contact.","If there is no named individual, the telecom information is for the organization as a whole.","","","","","","","","",,,,,"",,,,"ContactDetail.name",0,1,"","ele-1:All FHIR elements must have a @value or children {hasValue() or (children().count() > id.count())}
"
"Measure.author.telecom","","","",1,*,"","","Y","ContactPoint {[]} {[]}
","There must be contact information for the author.","The contact details for the individual (if a name was provided) or the organization.","At least on author contact should be an email address.","","","","","","","","",,,,,"",,,,"ContactDetail.telecom",0,*,"","ele-1:All FHIR elements must have a @value or children {hasValue() or (children().count() > id.count())}
"
"Measure.editor","","","",0,*,"","","","ContactDetail {[]} {[]}
","Who edited the content","An individual or organization primarily responsible for internal coherence of the content.","","","","","","","","","",,,,,"",,,,"Measure.editor",0,*,"","ele-1:All FHIR elements must have a @value or children {hasValue() or (children().count() > id.count())}
"
"Measure.reviewer","","","",0,*,"","","","ContactDetail {[]} {[]}
","Who reviewed the content","An individual or organization primarily responsible for review of some aspect of the content.","","","","","","","","","",,,,,"",,,,"Measure.reviewer",0,*,"","ele-1:All FHIR elements must have a @value or children {hasValue() or (children().count() > id.count())}
",".participation[typeCode=VRF] {not clear whether VRF best corresponds to reviewer or endorser}"
"Measure.endorser","","","",0,*,"","","","ContactDetail {[]} {[]}
","Who endorsed the content","An individual or organization responsible for officially endorsing the content for use in some setting.","","","","","","","","","",,,,,"",,,,"Measure.endorser",0,*,"","ele-1:All FHIR elements must have a @value or children {hasValue() or (children().count() > id.count())}
",".participation[typeCode=VRF] {not clear whether VRF best corresponds to reviewer or endorser}"
"Measure.relatedArtifact","","","",1,*,"","","","RelatedArtifact {[]} {[]}
","There must be at least one artifact describing the measure in human readable form.  This does not include software generated pages from the IG-Builder.","Related artifacts such as additional documentation, justification, or bibliographic references.","Each related artifact is either an attachment, or a reference to another resource, but not both.","Measures must be able to provide enough information for consumers of the content (and/or interventions or results produced by the content) to be able to determine and understand the justification for and evidence in support of the content.","","","","","","","",,,,,"",,,,"Measure.relatedArtifact",0,*,"","ele-1:All FHIR elements must have a @value or children {hasValue() or (children().count() > id.count())}
"
"Measure.library","","","",0,*,"","","","canonical {[]} {[CanonicalType[http://hl7.org/fhir/StructureDefinition/Library]]}
","Logic used by the measure","A reference to a Library resource containing the formal logic used by the measure.","","","","","","","","","",,,,,"",,,,"Measure.library",0,*,"","ele-1:All FHIR elements must have a @value or children {hasValue() or (children().count() > id.count())}
"
"Measure.disclaimer","","","",0,1,"","","Y","markdown {[]} {[]}
","Disclaimer for use of the measure or its referenced content","Notices and disclaimers regarding the use of the measure or related to intellectual property (such as code systems) referenced by the measure.","","Some organizations require that notices and disclosures be included when publishing measures that reference their intellecutal property.","","","","","","","",,,,,"",,,,"Measure.disclaimer",0,1,"","ele-1:All FHIR elements must have a @value or children {hasValue() or (children().count() > id.count())}
"
"Measure.scoring","","","",0,1,"","","Y","CodeableConcept {[]} {[]}
","proportion | ratio | continuous-variable | cohort","Indicates how the calculation is performed for the measure, including proportion, ratio, continuous-variable, and cohort. The value set is extensible, allowing additional measure scoring types to be represented.","","","","","","","","","",,"extensible","The scoring type of the measure.","http://hl7.org/fhir/ValueSet/measure-scoring","",,,,"Measure.scoring",0,1,"","ele-1:All FHIR elements must have a @value or children {hasValue() or (children().count() > id.count())}
"
"Measure.compositeScoring","","","",0,1,"","","Y","CodeableConcept {[]} {[]}
","opportunity | all-or-nothing | linear | weighted","If this is a composite measure, the scoring method used to combine the component measures to determine the composite score.","","","","","","","","","",,"extensible","The composite scoring method of the measure.","http://hl7.org/fhir/ValueSet/composite-measure-scoring","",,,,"Measure.compositeScoring",0,1,"","ele-1:All FHIR elements must have a @value or children {hasValue() or (children().count() > id.count())}
"
"Measure.type","","","",0,*,"","","Y","CodeableConcept {[]} {[]}
","process | outcome | structure | patient-reported-outcome | composite","Indicates whether the measure is used to examine a process, an outcome over time, a patient-reported outcome, or a structure measure such as utilization.","","","","","","","","","",,"extensible","The type of measure (includes codes from 2.16.840.1.113883.1.11.20368).","http://hl7.org/fhir/ValueSet/measure-type","",,,,"Measure.type",0,*,"","ele-1:All FHIR elements must have a @value or children {hasValue() or (children().count() > id.count())}
"
"Measure.riskAdjustment","","","",0,1,"","","Y","string {[]} {[]}
","How risk adjustment is applied for this measure","A description of the risk adjustment factors that may impact the resulting score for the measure and how they may be accounted for when computing and reporting measure results.","Describes the method of adjusting for clinical severity and conditions present at the start of care that can influence patient outcomes for making valid comparisons of outcome measures across providers. Indicates whether a measure is subject to the statistical process for reducing, removing, or clarifying the influences of confounding factors to allow for more useful comparisons.","","","","","","","","",,,,,"",,,,"Measure.riskAdjustment",0,1,"","ele-1:All FHIR elements must have a @value or children {hasValue() or (children().count() > id.count())}
"
"Measure.rateAggregation","","","",0,1,"","","Y","string {[]} {[]}
","How is rate aggregation performed for this measure","Describes how to combine the information calculated, based on logic in each of several populations, into one summarized result.","The measure rate for an organization or clinician is based upon the entitiesâ€™ aggregate data and summarizes the performance of the entity over a given time period (e.g., monthly, quarterly, yearly). The aggregated data are derived from the results of a specific measure algorithm and, if appropriate, the application of specific risk adjustment models.  Can also be used to describe how to risk adjust the data based on supplemental data elements described in the eMeasure (e.g., pneumonia hospital measures antibiotic selection in the ICU versus non-ICU and then the roll-up of the two). This could be applied to aggregated cohort measure definitions (e.g., CDC's aggregate reporting for TB at the state level).","","","","","","","","",,,,,"",,,,"Measure.rateAggregation",0,1,"","ele-1:All FHIR elements must have a @value or children {hasValue() or (children().count() > id.count())}
"
"Measure.rationale","","","",0,1,"","","Y","markdown {[]} {[]}
","Detailed description of why the measure exists","Provides a succinct statement of the need for the measure. Usually includes statements pertaining to importance criterion: impact, gap in care, and evidence.","","Measure developers need to be able to provide a detailed description of the purpose of the measure. This element provides detailed rationale, where the purpose element provides a summary of the rationale.","","","","","","","",,,,,"",,,,"Measure.rationale",0,1,"","ele-1:All FHIR elements must have a @value or children {hasValue() or (children().count() > id.count())}
"
"Measure.clinicalRecommendationStatement","","","",0,1,"","","Y","markdown {[]} {[]}
","Summary of clinical guidelines","Provides a summary of relevant clinical guidelines or other clinical recommendations supporting the measure.","","","","","","","","","",,,,,"",,,,"Measure.clinicalRecommendationStatement",0,1,"","ele-1:All FHIR elements must have a @value or children {hasValue() or (children().count() > id.count())}
"
"Measure.improvementNotation","","","",0,1,"","","Y","CodeableConcept {[]} {[]}
","increase | decrease","Information on whether an increase or decrease in score is the preferred result (e.g., a higher score indicates better quality OR a lower score indicates better quality OR quality is within a range).","","Measure consumers and implementers must be able to determine how to interpret a measure score.","","","","","","","",,"required","Observation values that indicate what change in a measurement value or score is indicative of an improvement in the measured item or scored issue.","http://hl7.org/fhir/ValueSet/measure-improvement-notation|4.0.1","",,,,"Measure.improvementNotation",0,1,"","ele-1:All FHIR elements must have a @value or children {hasValue() or (children().count() > id.count())}
"
"Measure.definition","","","",0,*,"","","Y","markdown {[]} {[]}
","Defined terms used in the measure documentation","Provides a description of an individual term used within the measure.","","Measure developers must be able to provide precise definitions of terms used within measure descriptions and guidance to help communicate the intent of the measure.","","","","","","","",,,,,"",,,,"Measure.definition",0,*,"","ele-1:All FHIR elements must have a @value or children {hasValue() or (children().count() > id.count())}
"
"Measure.guidance","","","",0,1,"","","Y","markdown {[]} {[]}
","Additional guidance for implementers","Additional guidance for the measure including how it can be used in a clinical context, and the intent of the measure.","","Measure developers must be able to provide additional guidance for implementers to understand the intent with greater specificity than that provided in the population criteria of the measure. This element provides detailed guidance, where the usage element provides a summary of the guidance.","","","","","","","",,,,,"",,,,"Measure.guidance",0,1,"","ele-1:All FHIR elements must have a @value or children {hasValue() or (children().count() > id.count())}
"
"Measure.group","","","",0,*,"","","","BackboneElement {[]} {[]}
","Population criteria group","A group of population criteria for the measure.","","","","","","","","","",,,,,"",,,,"Measure.group",0,*,"","ele-1:All FHIR elements must have a @value or children {hasValue() or (children().count() > id.count())}
"
"Measure.group.id","","","",0,1,"","","","string {[]} {[]}
","Unique id for inter-element referencing","Unique id for the element within a resource (for internal references). This may be any string value that does not contain spaces.","","","","","","","","","",,,,,"",,,,"Element.id",0,1,"","","n/a"
"Measure.group.extension","","","",0,*,"","","","Extension {[]} {[]}
","Extension","An Extension","","","","","","","","","",,,,,"","value:url}
","",,"open","Element.extension",0,*,"","ele-1:All FHIR elements must have a @value or children {hasValue() or (children().count() > id.count())}
ext-1:Must have either extensions or value[x], not both {extension.exists() != value.exists()}"
"Measure.group.extension","groupAtts","","",0,1,"","","","Extension {[CanonicalType[http://hl7.org/fhir/us/saner/StructureDefinition/MeasureGroupAttributes]]} {[]}
","Describes the attributes of one or more sections of the measure (form) being reported","Optional Extension Element - found in all resources.","","","","","","","","","",,,,,"",,,,"Element.extension",0,*,"ele-1
","ele-1:All FHIR elements must have a @value or children {hasValue() or (children().count() > id.count())}
ext-1:Must have either extensions or value[x], not both {extension.exists() != value.exists()}","n/a","N/A"
"Measure.group.extension.id","","","",0,1,"","","","string {[]} {[]}
","Unique id for inter-element referencing","Unique id for the element within a resource (for internal references). This may be any string value that does not contain spaces.","","","","","","","","","",,,,,"",,,,"Element.id",0,1,"","","n/a"
"Measure.group.extension.extension","","","",1,*,"","","","Extension {[]} {[]}
","Extension","An Extension","","","","","","","","","",,,,,"","value:url}
","Extensions are always sliced by (at least) url",,"open","Element.extension",0,*,"","ele-1:All FHIR elements must have a @value or children {hasValue() or (children().count() > id.count())}
ext-1:Must have either extensions or value[x], not both {extension.exists() != value.exists()}"
"Measure.group.extension.extension","scoring","","",0,1,"","","","Extension {[]} {[]}
","Extension","An Extension","","","","","","","","","",,,,,"",,,,"Element.extension",0,*,"","ele-1:All FHIR elements must have a @value or children {hasValue() or (children().count() > id.count())}
ext-1:Must have either extensions or value[x], not both {extension.exists() != value.exists()}"
"Measure.group.extension.extension.id","","","",0,1,"","","","string {[]} {[]}
","Unique id for inter-element referencing","Unique id for the element within a resource (for internal references). This may be any string value that does not contain spaces.","","","","","","","","","",,,,,"",,,,"Element.id",0,1,"","","n/a"
"Measure.group.extension.extension.extension","","","",0,0,"","","","Extension {[]} {[]}
","Extension","An Extension","","","","","","","","","",,,,,"","value:url}
","Extensions are always sliced by (at least) url",,"open","Element.extension",0,*,"","ele-1:All FHIR elements must have a @value or children {hasValue() or (children().count() > id.count())}
ext-1:Must have either extensions or value[x], not both {extension.exists() != value.exists()}"
"Measure.group.extension.extension.url","","","",1,1,"","","","uri {[]} {[]}
","identifies the meaning of the extension","Source of the definition for the extension code - a logical name or a URL.","The definition may point directly to a computable or human-readable definition of the extensibility codes, or it may be a logical URI as declared in some other specification. The definition SHALL be a URI for the Structure Definition defining the extension.","","","","<valueUri xmlns=""http://hl7.org/fhir"" value=""scoring""/>","","","","",,,,,"",,,,"Extension.url",1,1,"","","N/A"
"Measure.group.extension.extension.value[x]","","","",1,1,"","","","CodeableConcept {[]} {[]}
","Value of extension","Value of extension - must be one of a constrained set of the data types (see [Extensibility](http://hl7.org/fhir/R4/extensibility.html) for a list).","","","","","","","","","",,,,,"","type:$this}
","",,"closed","Extension.value[x]",0,1,"","ele-1:All FHIR elements must have a @value or children {hasValue() or (children().count() > id.count())}
","N/A"
"Measure.group.extension.extension.value[x]","valueCodeableConcept","","",1,1,"","","","CodeableConcept {[]} {[]}
","Measure must have a scoring","Value of extension - must be one of a constrained set of the data types (see [Extensibility](http://hl7.org/fhir/R4/extensibility.html) for a list).","continuous-variable
: Use continuous-variable when reporting a group of counts of the same type of resource, with different constraints on when to count it.
Also use continuous variable to report measures with computations over measure-observation values (e.g., average length of stay).

proportion
: Use proportion to report percentages, or ratios from the (generally) same initial population.

ratio
: Use ratio to report ratios from different initial populations.

cohort:
: Use cohort to report counts of unrelated or orthogonal categories (e.g., masks, gowns, gloves) within a group, where proportions aren't of significance.
Also use cohort to count answers to categorical questions, where each question is one cohort, and is stratified by possible answers (e.g., Yes/No, 0 days/1-3 days/4-6 days/7-9 days/more than 9 days supply).","","","","","","","","",,"required","","http://hl7.org/fhir/ValueSet/measure-scoring","",,,,"Extension.value[x]",0,1,"","ele-1:All FHIR elements must have a @value or children {hasValue() or (children().count() > id.count())}
","N/A"
"Measure.group.extension.extension","compositeScoring","","",0,1,"","","","Extension {[]} {[]}
","Like Measure.compositeScoring, but applies to group","An Extension","","","","","","","","","",,,,,"",,,,"Element.extension",0,*,"","ele-1:All FHIR elements must have a @value or children {hasValue() or (children().count() > id.count())}
ext-1:Must have either extensions or value[x], not both {extension.exists() != value.exists()}"
"Measure.group.extension.extension.id","","","",0,1,"","","","string {[]} {[]}
","Unique id for inter-element referencing","Unique id for the element within a resource (for internal references). This may be any string value that does not contain spaces.","","","","","","","","","",,,,,"",,,,"Element.id",0,1,"","","n/a"
"Measure.group.extension.extension.extension","","","",0,0,"","","","Extension {[]} {[]}
","Extension","An Extension","","","","","","","","","",,,,,"","value:url}
","Extensions are always sliced by (at least) url",,"open","Element.extension",0,*,"","ele-1:All FHIR elements must have a @value or children {hasValue() or (children().count() > id.count())}
ext-1:Must have either extensions or value[x], not both {extension.exists() != value.exists()}"
"Measure.group.extension.extension.url","","","",1,1,"","","","uri {[]} {[]}
","identifies the meaning of the extension","Source of the definition for the extension code - a logical name or a URL.","The definition may point directly to a computable or human-readable definition of the extensibility codes, or it may be a logical URI as declared in some other specification. The definition SHALL be a URI for the Structure Definition defining the extension.","","","","<valueUri xmlns=""http://hl7.org/fhir"" value=""compositeScoring""/>","","","","",,,,,"",,,,"Extension.url",1,1,"","","N/A"
"Measure.group.extension.extension.value[x]","","","",0,1,"","","","CodeableConcept {[]} {[]}
","Value of extension","Value of extension - must be one of a constrained set of the data types (see [Extensibility](http://hl7.org/fhir/R4/extensibility.html) for a list).","","","","","","","","","",,,,,"","type:$this}
","",,"closed","Extension.value[x]",0,1,"","ele-1:All FHIR elements must have a @value or children {hasValue() or (children().count() > id.count())}
","N/A"
"Measure.group.extension.extension.value[x]","valueCodeableConcept","","",0,1,"","","","CodeableConcept {[]} {[]}
","Value of extension","Value of extension - must be one of a constrained set of the data types (see [Extensibility](http://hl7.org/fhir/R4/extensibility.html) for a list).","","","","","","","","","",,"extensible","","http://hl7.org/fhir/ValueSet/composite-measure-scoring","",,,,"Extension.value[x]",0,1,"","ele-1:All FHIR elements must have a @value or children {hasValue() or (children().count() > id.count())}
","N/A"
"Measure.group.extension.extension","type","","",0,1,"","","","Extension {[]} {[]}
","Extension","An Extension","","","","","","","","","",,,,,"",,,,"Element.extension",0,*,"","ele-1:All FHIR elements must have a @value or children {hasValue() or (children().count() > id.count())}
ext-1:Must have either extensions or value[x], not both {extension.exists() != value.exists()}"
"Measure.group.extension.extension.id","","","",0,1,"","","","string {[]} {[]}
","Unique id for inter-element referencing","Unique id for the element within a resource (for internal references). This may be any string value that does not contain spaces.","","","","","","","","","",,,,,"",,,,"Element.id",0,1,"","","n/a"
"Measure.group.extension.extension.extension","","","",0,0,"","","","Extension {[]} {[]}
","Extension","An Extension","","","","","","","","","",,,,,"","value:url}
","Extensions are always sliced by (at least) url",,"open","Element.extension",0,*,"","ele-1:All FHIR elements must have a @value or children {hasValue() or (children().count() > id.count())}
ext-1:Must have either extensions or value[x], not both {extension.exists() != value.exists()}"
"Measure.group.extension.extension.url","","","",1,1,"","","","uri {[]} {[]}
","identifies the meaning of the extension","Source of the definition for the extension code - a logical name or a URL.","The definition may point directly to a computable or human-readable definition of the extensibility codes, or it may be a logical URI as declared in some other specification. The definition SHALL be a URI for the Structure Definition defining the extension.","","","","<valueUri xmlns=""http://hl7.org/fhir"" value=""type""/>","","","","",,,,,"",,,,"Extension.url",1,1,"","","N/A"
"Measure.group.extension.extension.value[x]","","","",1,1,"","","","CodeableConcept {[]} {[]}
","Value of extension","Value of extension - must be one of a constrained set of the data types (see [Extensibility](http://hl7.org/fhir/R4/extensibility.html) for a list).","","","","","","","","","",,,,,"","type:$this}
","",,"closed","Extension.value[x]",0,1,"","ele-1:All FHIR elements must have a @value or children {hasValue() or (children().count() > id.count())}
","N/A"
"Measure.group.extension.extension.value[x]","valueCodeableConcept","","",1,1,"","","","CodeableConcept {[]} {[]}
","Value of extension","Value of extension - must be one of a constrained set of the data types (see [Extensibility](http://hl7.org/fhir/R4/extensibility.html) for a list).","structure
: Use when the measure is about capacity of a facility or organization to provide services, e.g., quantities of resources, staff, expendibles, et cetera.

process
: Use when the measure is about the execution of a process, things that are done, in process, et cetera.

outcome
: Use when the measure describes the outcome or result.  If by the measure you know a patient is getting better or worse, it's an outcome measure.

patient-reported-outcome
: Use when the outcome is reported by a patient or their authorized representative (usually used with ""satisfaction scores"", but could be used with other outcomes).

composite
: Use when two or more of the above are appropriate. Consider subdividing the group further.","","","","","","","","",,"required","","http://hl7.org/fhir/ValueSet/measure-type","",,,,"Extension.value[x]",0,1,"","ele-1:All FHIR elements must have a @value or children {hasValue() or (children().count() > id.count())}
","N/A"
"Measure.group.extension.extension","riskAdjustment","","",0,1,"","","","Extension {[]} {[]}
","Like Measure.riskAdjustment, but applies to group","An Extension","","","","","","","","","",,,,,"",,,,"Element.extension",0,*,"","ele-1:All FHIR elements must have a @value or children {hasValue() or (children().count() > id.count())}
ext-1:Must have either extensions or value[x], not both {extension.exists() != value.exists()}"
"Measure.group.extension.extension.id","","","",0,1,"","","","string {[]} {[]}
","Unique id for inter-element referencing","Unique id for the element within a resource (for internal references). This may be any string value that does not contain spaces.","","","","","","","","","",,,,,"",,,,"Element.id",0,1,"","","n/a"
"Measure.group.extension.extension.extension","","","",0,0,"","","","Extension {[]} {[]}
","Extension","An Extension","","","","","","","","","",,,,,"","value:url}
","Extensions are always sliced by (at least) url",,"open","Element.extension",0,*,"","ele-1:All FHIR elements must have a @value or children {hasValue() or (children().count() > id.count())}
ext-1:Must have either extensions or value[x], not both {extension.exists() != value.exists()}"
"Measure.group.extension.extension.url","","","",1,1,"","","","uri {[]} {[]}
","identifies the meaning of the extension","Source of the definition for the extension code - a logical name or a URL.","The definition may point directly to a computable or human-readable definition of the extensibility codes, or it may be a logical URI as declared in some other specification. The definition SHALL be a URI for the Structure Definition defining the extension.","","","","<valueUri xmlns=""http://hl7.org/fhir"" value=""riskAdjustment""/>","","","","",,,,,"",,,,"Extension.url",1,1,"","","N/A"
"Measure.group.extension.extension.value[x]","","","",0,1,"","","","string {[]} {[]}
","Value of extension","Value of extension - must be one of a constrained set of the data types (see [Extensibility](http://hl7.org/fhir/R4/extensibility.html) for a list).","","","","","","","","","",,,,,"",,,,"Extension.value[x]",0,1,"","ele-1:All FHIR elements must have a @value or children {hasValue() or (children().count() > id.count())}
","N/A"
"Measure.group.extension.extension","rateAggregation","","",0,1,"","","","Extension {[]} {[]}
","Extension","An Extension","","","","","","","","","",,,,,"",,,,"Element.extension",0,*,"","ele-1:All FHIR elements must have a @value or children {hasValue() or (children().count() > id.count())}
ext-1:Must have either extensions or value[x], not both {extension.exists() != value.exists()}"
"Measure.group.extension.extension.id","","","",0,1,"","","","string {[]} {[]}
","Unique id for inter-element referencing","Unique id for the element within a resource (for internal references). This may be any string value that does not contain spaces.","","","","","","","","","",,,,,"",,,,"Element.id",0,1,"","","n/a"
"Measure.group.extension.extension.extension","","","",0,0,"","","","Extension {[]} {[]}
","Extension","An Extension","","","","","","","","","",,,,,"","value:url}
","Extensions are always sliced by (at least) url",,"open","Element.extension",0,*,"","ele-1:All FHIR elements must have a @value or children {hasValue() or (children().count() > id.count())}
ext-1:Must have either extensions or value[x], not both {extension.exists() != value.exists()}"
"Measure.group.extension.extension.url","","","",1,1,"","","","uri {[]} {[]}
","identifies the meaning of the extension","Source of the definition for the extension code - a logical name or a URL.","The definition may point directly to a computable or human-readable definition of the extensibility codes, or it may be a logical URI as declared in some other specification. The definition SHALL be a URI for the Structure Definition defining the extension.","","","","<valueUri xmlns=""http://hl7.org/fhir"" value=""rateAggregation""/>","","","","",,,,,"",,,,"Extension.url",1,1,"","","N/A"
"Measure.group.extension.extension.value[x]","","","",0,1,"","","","string {[]} {[]}
","aggregable-by-period | point-in-time | cumulative","Value of extension - must be one of a constrained set of the data types (see [Extensibility](http://hl7.org/fhir/R4/extensibility.html) for a list).","aggregable-by-period
: Use this when the value being reported can be aggregated (added to) values in other periods and retain meaning (e.g., adding admissions on day 1 and day 2 reporting period gives admissions for the combined reporting period)""

point-in-time
: Use this when the value being reported is a point-in-time (e.g. instantanious value) that cannot be meaningfully combined with a value from another reporting period

cumulative
: Use this when the value being reported is a point-in-time cumulative value over all reports","","","","","","","","",,"required","","http://hl7.org/fhir/us/saner/ValueSet/MeasureRateAggregationValues","",,,,"Extension.value[x]",0,1,"","ele-1:All FHIR elements must have a @value or children {hasValue() or (children().count() > id.count())}
","N/A"
"Measure.group.extension.extension","improvementNotation","","",0,1,"","","","Extension {[]} {[]}
","Extension","An Extension","","","","","","","","","",,,,,"",,,,"Element.extension",0,*,"","ele-1:All FHIR elements must have a @value or children {hasValue() or (children().count() > id.count())}
ext-1:Must have either extensions or value[x], not both {extension.exists() != value.exists()}"
"Measure.group.extension.extension.id","","","",0,1,"","","","string {[]} {[]}
","Unique id for inter-element referencing","Unique id for the element within a resource (for internal references). This may be any string value that does not contain spaces.","","","","","","","","","",,,,,"",,,,"Element.id",0,1,"","","n/a"
"Measure.group.extension.extension.extension","","","",0,0,"","","","Extension {[]} {[]}
","Extension","An Extension","","","","","","","","","",,,,,"","value:url}
","Extensions are always sliced by (at least) url",,"open","Element.extension",0,*,"","ele-1:All FHIR elements must have a @value or children {hasValue() or (children().count() > id.count())}
ext-1:Must have either extensions or value[x], not both {extension.exists() != value.exists()}"
"Measure.group.extension.extension.url","","","",1,1,"","","","uri {[]} {[]}
","identifies the meaning of the extension","Source of the definition for the extension code - a logical name or a URL.","The definition may point directly to a computable or human-readable definition of the extensibility codes, or it may be a logical URI as declared in some other specification. The definition SHALL be a URI for the Structure Definition defining the extension.","","","","<valueUri xmlns=""http://hl7.org/fhir"" value=""improvementNotation""/>","","","","",,,,,"",,,,"Extension.url",1,1,"","","N/A"
"Measure.group.extension.extension.value[x]","","","",0,1,"","","","CodeableConcept {[]} {[]}
","Value of extension","Value of extension - must be one of a constrained set of the data types (see [Extensibility](http://hl7.org/fhir/R4/extensibility.html) for a list).","","","","","","","","","",,,,,"","type:$this}
","",,"closed","Extension.value[x]",0,1,"","ele-1:All FHIR elements must have a @value or children {hasValue() or (children().count() > id.count())}
","N/A"
"Measure.group.extension.extension.value[x]","valueCodeableConcept","","",0,1,"Y","","","CodeableConcept {[]} {[]}
","Value of extension","Value of extension - must be one of a constrained set of the data types (see [Extensibility](http://hl7.org/fhir/R4/extensibility.html) for a list).","increase
: Use when a higher score indicates more patients are having better outcomes, are being treated, or can be treated, et cetera.

decrease:
: Use when a higher score indicates more patients are having worse outcomes, are not be treated, or cannot be treated, et cetera.","","","","","","","","",,"required","","http://hl7.org/fhir/ValueSet/measure-improvement-notation","",,,,"Extension.value[x]",0,1,"","ele-1:All FHIR elements must have a @value or children {hasValue() or (children().count() > id.count())}
","N/A"
"Measure.group.extension.extension","subject","","",1,1,"","","","Extension {[]} {[]}
","Extension","An Extension","","","","","","","","","",,,,,"",,,,"Element.extension",0,*,"","ele-1:All FHIR elements must have a @value or children {hasValue() or (children().count() > id.count())}
ext-1:Must have either extensions or value[x], not both {extension.exists() != value.exists()}"
"Measure.group.extension.extension.id","","","",0,1,"","","","string {[]} {[]}
","Unique id for inter-element referencing","Unique id for the element within a resource (for internal references). This may be any string value that does not contain spaces.","","","","","","","","","",,,,,"",,,,"Element.id",0,1,"","","n/a"
"Measure.group.extension.extension.extension","","","",0,0,"","","","Extension {[]} {[]}
","Extension","An Extension","","","","","","","","","",,,,,"","value:url}
","Extensions are always sliced by (at least) url",,"open","Element.extension",0,*,"","ele-1:All FHIR elements must have a @value or children {hasValue() or (children().count() > id.count())}
ext-1:Must have either extensions or value[x], not both {extension.exists() != value.exists()}"
"Measure.group.extension.extension.url","","","",1,1,"","","","uri {[]} {[]}
","identifies the meaning of the extension","Source of the definition for the extension code - a logical name or a URL.","The definition may point directly to a computable or human-readable definition of the extensibility codes, or it may be a logical URI as declared in some other specification. The definition SHALL be a URI for the Structure Definition defining the extension.","","","","<valueUri xmlns=""http://hl7.org/fhir"" value=""subject""/>","","","","",,,,,"",,,,"Extension.url",1,1,"","","N/A"
"Measure.group.extension.extension.value[x]","","","",0,1,"","","","CodeableConcept {[]} {[]}
","Concept - reference to a terminology or just  text","A concept that may be defined by a formal reference to a terminology or ontology or may be provided by text.","Not all terminology uses fit this general pattern. In some cases, models should not use CodeableConcept and use Coding directly and provide their own structure for managing text, codings, translations and the relationship between elements and pre- and post-coordination.","","","","","","","","",,,,,"","type:$this}
","",,"closed","Extension.value[x]",0,1,"ele-1
","ele-1:All FHIR elements must have a @value or children {hasValue() or (children().count() > id.count())}
","n/a","CD"
"Measure.group.extension.extension.value[x]","valueCodeableConcept","","",0,1,"","","","CodeableConcept {[]} {[]}
","Value of extension","Value of extension - must be one of a constrained set of the data types (see [Extensibility](http://hl7.org/fhir/R4/extensibility.html) for a list).","Describe the subject being enumerated
that is associated with the measure.  The first code should identify the FHIR Resource type. The second should further describe
it using SNOMED CT. Subsequent codes may describe it using other coding systems.","","","","","","","","",,"extensible","","http://hl7.org/fhir/ValueSet/resource-types","",,,,"Extension.value[x]",0,1,"","ele-1:All FHIR elements must have a @value or children {hasValue() or (children().count() > id.count())}
","N/A"
"Measure.group.extension.url","","","",1,1,"","","","uri {[]} {[]}
","identifies the meaning of the extension","Source of the definition for the extension code - a logical name or a URL.","The definition may point directly to a computable or human-readable definition of the extensibility codes, or it may be a logical URI as declared in some other specification. The definition SHALL be a URI for the Structure Definition defining the extension.","","","","<valueUri xmlns=""http://hl7.org/fhir"" value=""http://hl7.org/fhir/us/saner/StructureDefinition/MeasureGroupAttributes""/>","","","","",,,,,"",,,,"Extension.url",1,1,"","","N/A"
"Measure.group.extension.value[x]","","","",0,0,"","","","base64Binary {[]} {[]}
boolean {[]} {[]}canonical {[]} {[]}code {[]} {[]}date {[]} {[]}dateTime {[]} {[]}decimal {[]} {[]}id {[]} {[]}instant {[]} {[]}integer {[]} {[]}markdown {[]} {[]}oid {[]} {[]}positiveInt {[]} {[]}string {[]} {[]}time {[]} {[]}unsignedInt {[]} {[]}uri {[]} {[]}url {[]} {[]}uuid {[]} {[]}Address {[]} {[]}Age {[]} {[]}Annotation {[]} {[]}Attachment {[]} {[]}CodeableConcept {[]} {[]}Coding {[]} {[]}ContactPoint {[]} {[]}Count {[]} {[]}Distance {[]} {[]}Duration {[]} {[]}HumanName {[]} {[]}Identifier {[]} {[]}Money {[]} {[]}Period {[]} {[]}Quantity {[]} {[]}Range {[]} {[]}Ratio {[]} {[]}Reference {[]} {[]}SampledData {[]} {[]}Signature {[]} {[]}Timing {[]} {[]}ContactDetail {[]} {[]}Contributor {[]} {[]}DataRequirement {[]} {[]}Expression {[]} {[]}ParameterDefinition {[]} {[]}RelatedArtifact {[]} {[]}TriggerDefinition {[]} {[]}UsageContext {[]} {[]}Dosage {[]} {[]}Meta {[]} {[]}","Value of extension","Value of extension - must be one of a constrained set of the data types (see [Extensibility](http://hl7.org/fhir/R4/extensibility.html) for a list).","","","","","","","","","",,,,,"",,,,"Extension.value[x]",0,1,"","ele-1:All FHIR elements must have a @value or children {hasValue() or (children().count() > id.count())}
","N/A"
"Measure.group.modifierExtension","","extensions
user contentmodifiers","",0,*,"","Y","Y","Extension {[]} {[]}
","Extensions that cannot be ignored even if unrecognized","May be used to represent additional information that is not part of the basic definition of the element and that modifies the understanding of the element in which it is contained and/or the understanding of the containing element's descendants. Usually modifier elements provide negation or qualification. To make the use of extensions safe and manageable, there is a strict set of governance applied to the definition and use of extensions. Though any implementer can define an extension, there is a set of requirements that SHALL be met as part of the definition of the extension. Applications processing a resource are required to check for modifier extensions.

Modifier extensions SHALL NOT change the meaning of any elements on Resource or DomainResource (including cannot change the meaning of modifierExtension itself).","There can be no stigma associated with the use of extensions by any application, project, or standard - regardless of the institution or jurisdiction that uses or defines the extensions.  The use of extensions is what allows the FHIR specification to retain a core level of simplicity for everyone.","Modifier extensions allow for extensions that *cannot* be safely ignored to be clearly distinguished from the vast majority of extensions which can be safely ignored.  This promotes interoperability by eliminating the need for implementers to prohibit the presence of extensions. For further information, see the [definition of modifier extensions](http://hl7.org/fhir/R4/extensibility.html#modifierExtension).","","","","","","","",,,,,"",,,,"BackboneElement.modifierExtension",0,*,"","ele-1:All FHIR elements must have a @value or children {hasValue() or (children().count() > id.count())}
ext-1:Must have either extensions or value[x], not both {extension.exists() != value.exists()}","N/A"
"Measure.group.code","","","",0,1,"","","","CodeableConcept {[]} {[]}
","Meaning of the group","Indicates a meaning for the group. This can be as simple as a unique identifier, or it can establish meaning in a broader context by drawing from a terminology, allowing groups to be correlated across measures.","","","","","","","","","",,,,,"",,,,"Measure.group.code",0,1,"","ele-1:All FHIR elements must have a @value or children {hasValue() or (children().count() > id.count())}
"
"Measure.group.description","","","",0,1,"","","","string {[]} {[]}
","Summary description","The human readable description of this population group.","","","","","","","","","",,,,,"",,,,"Measure.group.description",0,1,"","ele-1:All FHIR elements must have a @value or children {hasValue() or (children().count() > id.count())}
"
"Measure.group.population","","","",0,*,"","","","BackboneElement {[]} {[]}
","Population criteria","A population criteria for the measure.","","","","","","","","","",,,,,"",,,,"Measure.group.population",0,*,"","ele-1:All FHIR elements must have a @value or children {hasValue() or (children().count() > id.count())}
"
"Measure.group.population.id","","","",0,1,"","","","string {[]} {[]}
","Unique id for inter-element referencing","Unique id for the element within a resource (for internal references). This may be any string value that does not contain spaces.","","","","","","","","","",,,,,"",,,,"Element.id",0,1,"","","n/a"
"Measure.group.population.extension","","","",0,*,"","","","Extension {[]} {[]}
","Extension","An Extension","","","","","","","","","",,,,,"","value:url}
","",,"open","Element.extension",0,*,"","ele-1:All FHIR elements must have a @value or children {hasValue() or (children().count() > id.count())}
ext-1:Must have either extensions or value[x], not both {extension.exists() != value.exists()}"
"Measure.group.population.extension","alternateCriteria","","",0,1,"","","","Extension {[CanonicalType[http://hl7.org/fhir/us/saner/StructureDefinition/MeasurePopulationAlternateCriteria]]} {[]}
","Other expressions for computing the criterion","Optional Extension Element - found in all resources.","","","","","","","","","",,,,,"",,,,"Element.extension",0,*,"ele-1
","ele-1:All FHIR elements must have a @value or children {hasValue() or (children().count() > id.count())}
ext-1:Must have either extensions or value[x], not both {extension.exists() != value.exists()}","n/a","N/A"
"Measure.group.population.modifierExtension","","extensions
user contentmodifiers","",0,*,"","Y","Y","Extension {[]} {[]}
","Extensions that cannot be ignored even if unrecognized","May be used to represent additional information that is not part of the basic definition of the element and that modifies the understanding of the element in which it is contained and/or the understanding of the containing element's descendants. Usually modifier elements provide negation or qualification. To make the use of extensions safe and manageable, there is a strict set of governance applied to the definition and use of extensions. Though any implementer can define an extension, there is a set of requirements that SHALL be met as part of the definition of the extension. Applications processing a resource are required to check for modifier extensions.

Modifier extensions SHALL NOT change the meaning of any elements on Resource or DomainResource (including cannot change the meaning of modifierExtension itself).","There can be no stigma associated with the use of extensions by any application, project, or standard - regardless of the institution or jurisdiction that uses or defines the extensions.  The use of extensions is what allows the FHIR specification to retain a core level of simplicity for everyone.","Modifier extensions allow for extensions that *cannot* be safely ignored to be clearly distinguished from the vast majority of extensions which can be safely ignored.  This promotes interoperability by eliminating the need for implementers to prohibit the presence of extensions. For further information, see the [definition of modifier extensions](http://hl7.org/fhir/R4/extensibility.html#modifierExtension).","","","","","","","",,,,,"",,,,"BackboneElement.modifierExtension",0,*,"","ele-1:All FHIR elements must have a @value or children {hasValue() or (children().count() > id.count())}
ext-1:Must have either extensions or value[x], not both {extension.exists() != value.exists()}","N/A"
"Measure.group.population.code","","","",0,1,"","","","CodeableConcept {[]} {[]}
","initial-population | numerator | numerator-exclusion | denominator | denominator-exclusion | denominator-exception | measure-population | measure-population-exclusion | measure-observation","The type of population criteria.","","","","","","","","","",,"required","","http://hl7.org/fhir/us/saner/ValueSet/Populations","",,,,"Measure.group.population.code",0,1,"","ele-1:All FHIR elements must have a @value or children {hasValue() or (children().count() > id.count())}
"
"Measure.group.population.code.id","","","",0,1,"","","","string {[]} {[]}
","Unique id for inter-element referencing","Unique id for the element within a resource (for internal references). This may be any string value that does not contain spaces.","","","","","","","","","",,,,,"",,,,"Element.id",0,1,"","","n/a"
"Measure.group.population.code.extension","","extensions
user content","",0,*,"","","","Extension {[]} {[]}
","Additional content defined by implementations","May be used to represent additional information that is not part of the basic definition of the element. To make the use of extensions safe and manageable, there is a strict set of governance  applied to the definition and use of extensions. Though any implementer can define an extension, there is a set of requirements that SHALL be met as part of the definition of the extension.","There can be no stigma associated with the use of extensions by any application, project, or standard - regardless of the institution or jurisdiction that uses or defines the extensions.  The use of extensions is what allows the FHIR specification to retain a core level of simplicity for everyone.","","","","","","","","",,,,,"","value:url}
","Extensions are always sliced by (at least) url",,"open","Element.extension",0,*,"","ele-1:All FHIR elements must have a @value or children {hasValue() or (children().count() > id.count())}
ext-1:Must have either extensions or value[x], not both {extension.exists() != value.exists()}","n/a"
"Measure.group.population.code.coding","","","",2,*,"","","Y","Coding {[]} {[]}
","The coding gives a 'name' for this population and must be supplied","A reference to a code defined by a terminology system.","Codes may be defined very casually in enumerations, or code lists, up to very formal definitions such as SNOMED CT - see the HL7 v3 Core Principles for more information.  Ordering of codings is undefined and SHALL NOT be used to infer meaning. Generally, at most only one of the coding values will be labeled as UserSelected = true.","Allows for alternative encodings within a code system, and translations to other code systems.","","","","","","","",,,,,"",,,,"CodeableConcept.coding",0,*,"","ele-1:All FHIR elements must have a @value or children {hasValue() or (children().count() > id.count())}
","union(., ./translation)"
"Measure.group.population.code.text","","","",0,1,"","","Y","string {[]} {[]}
","A human readable description of what this population is","A human language representation of the concept as seen/selected/uttered by the user who entered the data and/or which represents the intended meaning of the user.","Very often the text is the same as a displayName of one of the codings.","The codes from the terminologies do not always capture the correct meaning with all the nuances of the human using them, or sometimes there is no appropriate code at all. In these cases, the text is used to capture the full meaning of the source.","","","","","","","",,,,,"",,,,"CodeableConcept.text",0,1,"","ele-1:All FHIR elements must have a @value or children {hasValue() or (children().count() > id.count())}
","./originalText[mediaType/code=""text/plain""]/data"
"Measure.group.population.description","","","",1,1,"","","","string {[]} {[]}
","Human readable instructions for counting or measuring this population","The human readable description of this population criteria.","","","","","","","","","",,,,,"",,,,"Measure.group.population.description",0,1,"","ele-1:All FHIR elements must have a @value or children {hasValue() or (children().count() > id.count())}
"
"Measure.group.population.criteria","","","",1,1,"","","","Expression {[CanonicalType[http://hl7.org/fhir/us/saner/StructureDefinition/MeasureCriteria]]} {[]}
","name should align with code.","A expression that is evaluated in a specified context and returns a value. The context of use of the expression must specify the context in which the expression is evaluated, and how the result of the expression is used.","In the case of a continuous-variable or ratio measure, this may be the name of a function that calculates the value of the individual observation for each patient or event in the population. For these types of measures, individual observations are reported as observation resources included in the evaluatedResources bundle for each patient. See the MeasureReport resource or the Quality Reporting topic for more information.","","","","","","","","",,,,,"",,,,"Measure.group.population.criteria",1,1,"ele-1
","ele-1:All FHIR elements must have a @value or children {hasValue() or (children().count() > id.count())}
exp-1:An expression or a reference must be provided {expression.exists() or reference.exists()}","n/a"
"Measure.group.population.criteria.id","","","",0,1,"","","","string {[]} {[]}
","Unique id for inter-element referencing","Unique id for the element within a resource (for internal references). This may be any string value that does not contain spaces.","","","","","","","","","",,,,,"",,,,"Element.id",0,1,"","","n/a"
"Measure.group.population.criteria.extension","","extensions
user content","",0,*,"","","","Extension {[]} {[]}
","Additional content defined by implementations","May be used to represent additional information that is not part of the basic definition of the element. To make the use of extensions safe and manageable, there is a strict set of governance  applied to the definition and use of extensions. Though any implementer can define an extension, there is a set of requirements that SHALL be met as part of the definition of the extension.","There can be no stigma associated with the use of extensions by any application, project, or standard - regardless of the institution or jurisdiction that uses or defines the extensions.  The use of extensions is what allows the FHIR specification to retain a core level of simplicity for everyone.","","","","","","","","",,,,,"","value:url}
","Extensions are always sliced by (at least) url",,"open","Element.extension",0,*,"","ele-1:All FHIR elements must have a @value or children {hasValue() or (children().count() > id.count())}
ext-1:Must have either extensions or value[x], not both {extension.exists() != value.exists()}","n/a"
"Measure.group.population.criteria.description","","","",1,1,"","","Y","string {[]} {[]}
","Describe what the criterion does to a human (non-engineer)","A brief, natural language description of the condition that effectively communicates the intended semantics.","","","","","","","","","",,,,,"",,,,"Expression.description",0,1,"","ele-1:All FHIR elements must have a @value or children {hasValue() or (children().count() > id.count())}
"
"Measure.group.population.criteria.name","","","",1,1,"","","Y","id {[]} {[]}
","name should align with code.","A short name assigned to the expression to allow for multiple reuse of the expression in the context where it is defined.","","","","","","","","","",,,,,"",,,,"Expression.name",0,1,"","ele-1:All FHIR elements must have a @value or children {hasValue() or (children().count() > id.count())}
"
"Measure.group.population.criteria.language","","","",1,1,"","","Y","code {[]} {[]}
","Give the expression for execution","The media type of the language for the expression.","","","","","","","","","",,"extensible","The media type of the expression language.","http://hl7.org/fhir/ValueSet/expression-language","",,,,"Expression.language",1,1,"","ele-1:All FHIR elements must have a @value or children {hasValue() or (children().count() > id.count())}
"
"Measure.group.population.criteria.expression","","","",1,1,"","","Y","string {[]} {[]}
","A measure must describe how to automate the computation in an expression that can be evaluated in the specified language","An expression in the specified language that returns a value.","","","","","","","","","",,,,,"",,,,"Expression.expression",0,1,"","ele-1:All FHIR elements must have a @value or children {hasValue() or (children().count() > id.count())}
"
"Measure.group.population.criteria.reference","","","",0,1,"","","Y","uri {[]} {[]}
","Where the expression is found","A URI that defines where the expression is found.","If both a reference and an expression is found, the reference SHALL point to the same expression.","","","","","","","","",,,,,"",,,,"Expression.reference",0,1,"","ele-1:All FHIR elements must have a @value or children {hasValue() or (children().count() > id.count())}
"
"Measure.group.stratifier","","","",0,*,"","","","BackboneElement {[]} {[]}
","Stratifier criteria for the measure","The stratifier criteria for the measure report, specified as either the name of a valid CQL expression defined within a referenced library or a valid FHIR Resource Path.","","","","","","","","","",,,,,"",,,,"Measure.group.stratifier",0,*,"","ele-1:All FHIR elements must have a @value or children {hasValue() or (children().count() > id.count())}
"
"Measure.group.stratifier.id","","","",0,1,"","","","string {[]} {[]}
","Unique id for inter-element referencing","Unique id for the element within a resource (for internal references). This may be any string value that does not contain spaces.","","","","","","","","","",,,,,"",,,,"Element.id",0,1,"","","n/a"
"Measure.group.stratifier.extension","","extensions
user content","",0,*,"","","","Extension {[]} {[]}
","Additional content defined by implementations","May be used to represent additional information that is not part of the basic definition of the element. To make the use of extensions safe and manageable, there is a strict set of governance  applied to the definition and use of extensions. Though any implementer can define an extension, there is a set of requirements that SHALL be met as part of the definition of the extension.","There can be no stigma associated with the use of extensions by any application, project, or standard - regardless of the institution or jurisdiction that uses or defines the extensions.  The use of extensions is what allows the FHIR specification to retain a core level of simplicity for everyone.","","","","","","","","",,,,,"",,,,"Element.extension",0,*,"","ele-1:All FHIR elements must have a @value or children {hasValue() or (children().count() > id.count())}
ext-1:Must have either extensions or value[x], not both {extension.exists() != value.exists()}","n/a"
"Measure.group.stratifier.modifierExtension","","extensions
user contentmodifiers","",0,*,"","Y","Y","Extension {[]} {[]}
","Extensions that cannot be ignored even if unrecognized","May be used to represent additional information that is not part of the basic definition of the element and that modifies the understanding of the element in which it is contained and/or the understanding of the containing element's descendants. Usually modifier elements provide negation or qualification. To make the use of extensions safe and manageable, there is a strict set of governance applied to the definition and use of extensions. Though any implementer can define an extension, there is a set of requirements that SHALL be met as part of the definition of the extension. Applications processing a resource are required to check for modifier extensions.

Modifier extensions SHALL NOT change the meaning of any elements on Resource or DomainResource (including cannot change the meaning of modifierExtension itself).","There can be no stigma associated with the use of extensions by any application, project, or standard - regardless of the institution or jurisdiction that uses or defines the extensions.  The use of extensions is what allows the FHIR specification to retain a core level of simplicity for everyone.","Modifier extensions allow for extensions that *cannot* be safely ignored to be clearly distinguished from the vast majority of extensions which can be safely ignored.  This promotes interoperability by eliminating the need for implementers to prohibit the presence of extensions. For further information, see the [definition of modifier extensions](http://hl7.org/fhir/R4/extensibility.html#modifierExtension).","","","","","","","",,,,,"",,,,"BackboneElement.modifierExtension",0,*,"","ele-1:All FHIR elements must have a @value or children {hasValue() or (children().count() > id.count())}
ext-1:Must have either extensions or value[x], not both {extension.exists() != value.exists()}","N/A"
"Measure.group.stratifier.code","","","",0,1,"","","","CodeableConcept {[]} {[]}
","Meaning of the stratifier","Indicates a meaning for the stratifier. This can be as simple as a unique identifier, or it can establish meaning in a broader context by drawing from a terminology, allowing stratifiers to be correlated across measures.","","","","","","","","","",,,,,"",,,,"Measure.group.stratifier.code",0,1,"","ele-1:All FHIR elements must have a @value or children {hasValue() or (children().count() > id.count())}
"
"Measure.group.stratifier.description","","","",0,1,"","","","string {[]} {[]}
","The human readable description of this stratifier","The human readable description of this stratifier criteria.","","","","","","","","","",,,,,"",,,,"Measure.group.stratifier.description",0,1,"","ele-1:All FHIR elements must have a @value or children {hasValue() or (children().count() > id.count())}
"
"Measure.group.stratifier.criteria","","","",0,1,"","","","Expression {[]} {[]}
","How the measure should be stratified","An expression that specifies the criteria for the stratifier. This is typically the name of an expression defined within a referenced library, but it may also be a path to a stratifier element.","","","","","","","","","",,,,,"",,,,"Measure.group.stratifier.criteria",0,1,"","ele-1:All FHIR elements must have a @value or children {hasValue() or (children().count() > id.count())}
"
"Measure.group.stratifier.component","","","",0,*,"","","","BackboneElement {[]} {[]}
","Stratifier criteria component for the measure","A component of the stratifier criteria for the measure report, specified as either the name of a valid CQL expression defined within a referenced library or a valid FHIR Resource Path.","Stratifiers are defined either as a single criteria, or as a set of component criteria.","","","","","","","","",,,,,"",,,,"Measure.group.stratifier.component",0,*,"","ele-1:All FHIR elements must have a @value or children {hasValue() or (children().count() > id.count())}
"
"Measure.group.stratifier.component.id","","","",0,1,"","","","string {[]} {[]}
","Unique id for inter-element referencing","Unique id for the element within a resource (for internal references). This may be any string value that does not contain spaces.","","","","","","","","","",,,,,"",,,,"Element.id",0,1,"","","n/a"
"Measure.group.stratifier.component.extension","","extensions
user content","",0,*,"","","","Extension {[]} {[]}
","Additional content defined by implementations","May be used to represent additional information that is not part of the basic definition of the element. To make the use of extensions safe and manageable, there is a strict set of governance  applied to the definition and use of extensions. Though any implementer can define an extension, there is a set of requirements that SHALL be met as part of the definition of the extension.","There can be no stigma associated with the use of extensions by any application, project, or standard - regardless of the institution or jurisdiction that uses or defines the extensions.  The use of extensions is what allows the FHIR specification to retain a core level of simplicity for everyone.","","","","","","","","",,,,,"",,,,"Element.extension",0,*,"","ele-1:All FHIR elements must have a @value or children {hasValue() or (children().count() > id.count())}
ext-1:Must have either extensions or value[x], not both {extension.exists() != value.exists()}","n/a"
"Measure.group.stratifier.component.modifierExtension","","extensions
user contentmodifiers","",0,*,"","Y","Y","Extension {[]} {[]}
","Extensions that cannot be ignored even if unrecognized","May be used to represent additional information that is not part of the basic definition of the element and that modifies the understanding of the element in which it is contained and/or the understanding of the containing element's descendants. Usually modifier elements provide negation or qualification. To make the use of extensions safe and manageable, there is a strict set of governance applied to the definition and use of extensions. Though any implementer can define an extension, there is a set of requirements that SHALL be met as part of the definition of the extension. Applications processing a resource are required to check for modifier extensions.

Modifier extensions SHALL NOT change the meaning of any elements on Resource or DomainResource (including cannot change the meaning of modifierExtension itself).","There can be no stigma associated with the use of extensions by any application, project, or standard - regardless of the institution or jurisdiction that uses or defines the extensions.  The use of extensions is what allows the FHIR specification to retain a core level of simplicity for everyone.","Modifier extensions allow for extensions that *cannot* be safely ignored to be clearly distinguished from the vast majority of extensions which can be safely ignored.  This promotes interoperability by eliminating the need for implementers to prohibit the presence of extensions. For further information, see the [definition of modifier extensions](http://hl7.org/fhir/R4/extensibility.html#modifierExtension).","","","","","","","",,,,,"",,,,"BackboneElement.modifierExtension",0,*,"","ele-1:All FHIR elements must have a @value or children {hasValue() or (children().count() > id.count())}
ext-1:Must have either extensions or value[x], not both {extension.exists() != value.exists()}","N/A"
"Measure.group.stratifier.component.code","","","",0,1,"","","","CodeableConcept {[]} {[]}
","Meaning of the stratifier component","Indicates a meaning for the stratifier component. This can be as simple as a unique identifier, or it can establish meaning in a broader context by drawing from a terminology, allowing stratifiers to be correlated across measures.","","","","","","","","","",,,,,"",,,,"Measure.group.stratifier.component.code",0,1,"","ele-1:All FHIR elements must have a @value or children {hasValue() or (children().count() > id.count())}
"
"Measure.group.stratifier.component.description","","","",0,1,"","","","string {[]} {[]}
","The human readable description of this stratifier component","The human readable description of this stratifier criteria component.","","","","","","","","","",,,,,"",,,,"Measure.group.stratifier.component.description",0,1,"","ele-1:All FHIR elements must have a @value or children {hasValue() or (children().count() > id.count())}
"
"Measure.group.stratifier.component.criteria","","","",1,1,"","","","Expression {[]} {[]}
","Component of how the measure should be stratified","An expression that specifies the criteria for this component of the stratifier. This is typically the name of an expression defined within a referenced library, but it may also be a path to a stratifier element.","","","","","","","","","",,,,,"",,,,"Measure.group.stratifier.component.criteria",1,1,"","ele-1:All FHIR elements must have a @value or children {hasValue() or (children().count() > id.count())}
"
"Measure.supplementalData","","","",0,*,"","","","BackboneElement {[]} {[]}
","What other data should be reported with the measure","The supplemental data criteria for the measure report, specified as either the name of a valid CQL expression within a referenced library, or a valid FHIR Resource Path.","Note that supplemental data are reported as observations for each patient and included in the evaluatedResources bundle. See the MeasureReport resource or the Quality Reporting topic for more information.","","","","","","","","",,,,,"",,,,"Measure.supplementalData",0,*,"","ele-1:All FHIR elements must have a @value or children {hasValue() or (children().count() > id.count())}
"
"Measure.supplementalData.id","","","",0,1,"","","","string {[]} {[]}
","Unique id for inter-element referencing","Unique id for the element within a resource (for internal references). This may be any string value that does not contain spaces.","","","","","","","","","",,,,,"",,,,"Element.id",0,1,"","","n/a"
"Measure.supplementalData.extension","","extensions
user content","",0,*,"","","","Extension {[]} {[]}
","Additional content defined by implementations","May be used to represent additional information that is not part of the basic definition of the element. To make the use of extensions safe and manageable, there is a strict set of governance  applied to the definition and use of extensions. Though any implementer can define an extension, there is a set of requirements that SHALL be met as part of the definition of the extension.","There can be no stigma associated with the use of extensions by any application, project, or standard - regardless of the institution or jurisdiction that uses or defines the extensions.  The use of extensions is what allows the FHIR specification to retain a core level of simplicity for everyone.","","","","","","","","",,,,,"",,,,"Element.extension",0,*,"","ele-1:All FHIR elements must have a @value or children {hasValue() or (children().count() > id.count())}
ext-1:Must have either extensions or value[x], not both {extension.exists() != value.exists()}","n/a"
"Measure.supplementalData.modifierExtension","","extensions
user contentmodifiers","",0,*,"","Y","Y","Extension {[]} {[]}
","Extensions that cannot be ignored even if unrecognized","May be used to represent additional information that is not part of the basic definition of the element and that modifies the understanding of the element in which it is contained and/or the understanding of the containing element's descendants. Usually modifier elements provide negation or qualification. To make the use of extensions safe and manageable, there is a strict set of governance applied to the definition and use of extensions. Though any implementer can define an extension, there is a set of requirements that SHALL be met as part of the definition of the extension. Applications processing a resource are required to check for modifier extensions.

Modifier extensions SHALL NOT change the meaning of any elements on Resource or DomainResource (including cannot change the meaning of modifierExtension itself).","There can be no stigma associated with the use of extensions by any application, project, or standard - regardless of the institution or jurisdiction that uses or defines the extensions.  The use of extensions is what allows the FHIR specification to retain a core level of simplicity for everyone.","Modifier extensions allow for extensions that *cannot* be safely ignored to be clearly distinguished from the vast majority of extensions which can be safely ignored.  This promotes interoperability by eliminating the need for implementers to prohibit the presence of extensions. For further information, see the [definition of modifier extensions](http://hl7.org/fhir/R4/extensibility.html#modifierExtension).","","","","","","","",,,,,"",,,,"BackboneElement.modifierExtension",0,*,"","ele-1:All FHIR elements must have a @value or children {hasValue() or (children().count() > id.count())}
ext-1:Must have either extensions or value[x], not both {extension.exists() != value.exists()}","N/A"
"Measure.supplementalData.code","","","",0,1,"","","","CodeableConcept {[]} {[]}
","Meaning of the supplemental data","Indicates a meaning for the supplemental data. This can be as simple as a unique identifier, or it can establish meaning in a broader context by drawing from a terminology, allowing supplemental data to be correlated across measures.","","","","","","","","","",,,,,"",,,,"Measure.supplementalData.code",0,1,"","ele-1:All FHIR elements must have a @value or children {hasValue() or (children().count() > id.count())}
"
"Measure.supplementalData.usage","","","",0,*,"","","","CodeableConcept {[]} {[]}
","supplemental-data | risk-adjustment-factor","An indicator of the intended usage for the supplemental data element. Supplemental data indicates the data is additional information requested to augment the measure information. Risk adjustment factor indicates the data is additional information used to calculate risk adjustment factors when applying a risk model to the measure calculation.","","","","","","","","","",,"extensible","The intended usage for supplemental data elements in the measure.","http://hl7.org/fhir/ValueSet/measure-data-usage","",,,,"Measure.supplementalData.usage",0,*,"","ele-1:All FHIR elements must have a @value or children {hasValue() or (children().count() > id.count())}
"
"Measure.supplementalData.description","","","",0,1,"","","","string {[]} {[]}
","The human readable description of this supplemental data","The human readable description of this supplemental data.","","","","","","","","","",,,,,"",,,,"Measure.supplementalData.description",0,1,"","ele-1:All FHIR elements must have a @value or children {hasValue() or (children().count() > id.count())}
"
"Measure.supplementalData.criteria","","","",1,1,"","","","Expression {[]} {[]}
","Expression describing additional data to be reported","The criteria for the supplemental data. This is typically the name of a valid expression defined within a referenced library, but it may also be a path to a specific data element. The criteria defines the data to be returned for this element.","","","","","","","","","",,,,,"",,,,"Measure.supplementalData.criteria",1,1,"","ele-1:All FHIR elements must have a @value or children {hasValue() or (children().count() > id.count())}
"
